0,90507603,HUVUDSPELARE,Gaming furniture,https://www.ikea.com/sa/en/p/huvudspelare-gaming-chair-black-90507603/,SR399
1,103343,MALM,Chests of drawers & drawer units,https://www.ikea.com/sa/en/p/malm-chest-of-2-drawers-black-brown-00103343/,SR279
2,40456922,HAUGA,Wardrobes,https://www.ikea.com/sa/en/p/hauga-open-wardrobe-with-3-drawers-white-40456922/,SR995
3,40530074,TROFAST,Nursery furniture,https://www.ikea.com/sa/en/p/trofast-mesh-storage-box-grey-blue-40530074/,SR35
4,70407360,BJÖRKSNÄS,Chests of drawers & drawer units,https://www.ikea.com/sa/en/p/bjoerksnaes-bedside-table-birch-70407360/,SR545
5,90506750,KLACKENÄS,Dining furniture,https://www.ikea.com/sa/en/p/klackenaes-sideboard-black-oak-veneer-brown-stained-90506750/,"SR1,795"
6,60416925,KYRRE,Dining furniture,https://www.ikea.com/sa/en/p/kyrre-stool-birch-60416925/,SR89
7,20529482,PINNTORP,Dining furniture,https://www.ikea.com/sa/en/p/pinntorp-chair-light-brown-stained-katorp-natural-20529482/,SR345
8,40454485,SÖDERHAMN,Armchairs & chaise longues,https://www.ikea.com/sa/en/p/soederhamn-cover-for-armrest-viarp-beige-brown-40454485/,SR120
9,50300666,BRIMNES,Cabinets & cupboards,https://www.ikea.com/sa/en/p/brimnes-cabinet-with-doors-glass-white-50300666/,SR599
10,10458710,IDANÄS,Chests of drawers & drawer units,https://www.ikea.com/sa/en/p/idanaes-chest-of-6-drawers-white-10458710/,"SR2,149"
11,50214678,VITTSJÖ,Bookcases & shelving units,https://www.ikea.com/sa/en/p/vittsjoe-shelving-unit-black-brown-glass-50214678/,SR299
12,70299959,TYSSEDAL,Chests of drawers & drawer units,https://www.ikea.com/sa/en/p/tyssedal-bedside-table-white-70299959/,SR495
13,90515108,HAVBERG,Armchairs & chaise longues,https://www.ikea.com/sa/en/p/havberg-swivel-armchair-grann-bomstad-black-90515108/,"SR1,945"
14,70239710,STOCKHOLM,Tables & desks,https://www.ikea.com/sa/en/p/stockholm-coffee-table-walnut-veneer-70239710/,"SR1,495"
15,293772,MÖCKELBY,Dining furniture,https://www.ikea.com/sa/en/p/moeckelby-table-oak-00293772/,"SR3,795"
16,10452303,HEMNES,TV & media furniture,https://www.ikea.com/sa/en/p/hemnes-tv-bench-black-brown-light-brown-10452303/,"SR1,395"
17,60434825,RUDSTA,Cabinets & cupboards,https://www.ikea.com/sa/en/p/rudsta-glass-door-cabinet-anthracite-60434825/,SR545
18,80244749,MICKE,Chests of drawers & drawer units,https://www.ikea.com/sa/en/p/micke-drawer-unit-on-castors-black-brown-80244749/,SR399
19,50450236,VOXLÖV,Dining furniture,https://www.ikea.com/sa/en/p/voxloev-chair-light-bamboo-50450236/,SR425
20,30528991,JÄTTEBO,Armchairs & chaise longues,https://www.ikea.com/sa/en/p/jaettebo-cover-chaise-longue-module-right-samsala-dark-yellow-green-30528991/,SR295
21,50514163,IDANÄS,Tables & desks,https://www.ikea.com/sa/en/p/idanaes-add-on-unit-desk-white-50514163/,SR300
22,20396646,HEMNES,Cabinets & cupboards,https://www.ikea.com/sa/en/p/hemnes-high-cabinet-with-glass-door-white-20396646/,SR795
23,60416138,LANEBERG,Dining furniture,https://www.ikea.com/sa/en/p/laneberg-extendable-table-white-60416138/,SR925
24,50450137,RUDSTA,Cabinets & cupboards,https://www.ikea.com/sa/en/p/rudsta-glass-door-cabinet-anthracite-50450137/,SR645
25,20396260,GRÖNLID,Armchairs & chaise longues,https://www.ikea.com/sa/en/p/groenlid-cover-for-corner-section-inseros-white-20396260/,SR245
26,70404875,FRANKLIN,Bar furniture,https://www.ikea.com/sa/en/p/franklin-bar-stool-with-backrest-foldable-white-white-70404875/,SR179
27,497378,RODULF,Tables & desks,https://www.ikea.com/sa/en/p/rodulf-underframe-sit-stand-f-table-top-white-00497378/,"SR1,545"
28,60330955,PLATSA,Cabinets & cupboards,https://www.ikea.com/sa/en/p/platsa-frame-white-60330955/,SR325
29,50494363,HELMER,Chests of drawers & drawer units,https://www.ikea.com/sa/en/p/helmer-drawer-unit-on-castors-dark-grey-light-grey-50494363/,SR265
30,80483283,VIHALS,Bookcases & shelving units,https://www.ikea.com/sa/en/p/vihals-shelving-unit-with-6-shelves-white-80483283/,SR695
31,30475365,SKYDRAG,Wardrobes,https://www.ikea.com/sa/en/p/skydrag-led-wrktp-ward-lghtng-strp-w-sensor-dimmable-white-30475365/,SR89
32,20568727,DANDERYD,Dining furniture,https://www.ikea.com/sa/en/p/danderyd-dining-table-black-20568727/,SR699
33,80417636,YNGVAR,Dining furniture,https://www.ikea.com/sa/en/p/yngvar-chair-anthracite-80417636/,SR549
34,80251513,GÅRÖ,Outdoor furniture,https://www.ikea.com/sa/en/p/garoe-hammock-stand-outdoor-grey-80251513/,SR480
35,40458898,IDANÄS,Beds,https://www.ikea.com/sa/en/p/idanaes-bed-frame-white-40458898/,"SR1,495"
36,360139,KALLAX,Bookcases & shelving units,https://www.ikea.com/sa/en/p/kallax-shelving-unit-walnut-effect-light-grey-00360139/,SR249
37,50522342,BLECKBERGET,Chairs,https://www.ikea.com/sa/en/p/bleckberget-swivel-chair-idekulla-light-green-50522342/,SR379
38,30472239,EKTORP,Armchairs & chaise longues,https://www.ikea.com/sa/en/p/ektorp-cover-for-armchair-hallarp-grey-30472239/,SR600
39,40358747,VILTO,Dining furniture,https://www.ikea.com/sa/en/p/vilto-step-stool-black-40358747/,SR125
40,10532324,TOSTERÖ,Outdoor furniture,https://www.ikea.com/sa/en/p/tosteroe-cover-for-outdoor-furniture-black-10532324/,SR90
41,40512466,IVAR,Cabinets & cupboards,https://www.ikea.com/sa/en/p/ivar-folding-table-pine-40512466/,SR475
42,30503392,IKEA PS,"Sideboards, buffets & console tables",https://www.ikea.com/sa/en/p/ikea-ps-cabinet-light-grey-green-30503392/,SR499
43,50346985,LANGUR,Dining furniture,https://www.ikea.com/sa/en/p/langur-padded-seat-cover-for-junior-chair-grey-50346985/,SR49
44,60507138,KYRRE,Dining furniture,https://www.ikea.com/sa/en/p/kyrre-stool-green-60507138/,SR89
45,70323351,BILLY,Bookcases & shelving units,https://www.ikea.com/sa/en/p/billy-bookcase-brown-ash-veneer-70323351/,SR359
46,50511763,SAKARIAS,Dining furniture,https://www.ikea.com/sa/en/p/sakarias-cover-for-chair-with-armrests-kvillsfors-50511763/,SR149
47,30330971,PLATSA,Cabinets & cupboards,https://www.ikea.com/sa/en/p/platsa-frame-white-30330971/,SR300
48,80472637,EKTORP,Armchairs & chaise longues,https://www.ikea.com/sa/en/p/ektorp-cover-for-3-seat-sofa-with-chaise-longue-hallarp-beige-80472637/,SR995
49,10542498,HAVSTEN,Outdoor furniture,https://www.ikea.com/sa/en/p/havsten-2-seat-sofa-outdoor-beige-10542498/,"SR1,160"
50,90547623,VRETSTORP,Armchairs & chaise longues,https://www.ikea.com/sa/en/p/vretstorp-cover-for-3-seat-sofa-bed-karlshov-beige-multicolour-90547623/,SR795
51,50211104,JOKKMOKK,Dining furniture,https://www.ikea.com/sa/en/p/jokkmokk-table-and-4-chairs-antique-stain-50211104/,SR799
52,50360146,KALLAX,Room dividers,https://www.ikea.com/sa/en/p/kallax-shelving-unit-walnut-effect-light-grey-50360146/,"SR1,299"
53,70498435,TULLSTORP,Cabinets & cupboards,https://www.ikea.com/sa/en/p/tullstorp-cabinet-grey-70498435/,SR495
54,50486221,BERGMUND,Dining furniture,https://www.ikea.com/sa/en/p/bergmund-chair-cover-long-inseros-white-50486221/,SR160
55,10436997,LOMMARP,Cabinets & cupboards,https://www.ikea.com/sa/en/p/lommarp-cabinet-light-beige-10436997/,"SR1,595"
56,50565195,TROFAST,Nursery furniture,https://www.ikea.com/sa/en/p/trofast-frame-grey-50565195/,SR175
57,80245051,STOCKHOLM,Sofas,https://www.ikea.com/sa/en/p/stockholm-three-seat-sofa-seglora-natural-80245051/,"SR9,995"
58,60519023,SÖDERHAMN,Armchairs & chaise longues,https://www.ikea.com/sa/en/p/soederhamn-cover-for-3-seat-section-tonerud-grey-60519023/,SR495
59,30388636,HAVSTA,Cabinets & cupboards,https://www.ikea.com/sa/en/p/havsta-glass-door-cabinet-white-30388636/,"SR1,445"
60,70245339,BESTÅ BURS,Tables & desks,https://www.ikea.com/sa/en/p/besta-burs-desk-high-gloss-white-70245339/,"SR1,295"
61,80568729,DANDERYD,Dining furniture,https://www.ikea.com/sa/en/p/danderyd-dining-table-black-80568729/,SR799
62,70342199,FJÄLLBO,Bookcases & shelving units,https://www.ikea.com/sa/en/p/fjaellbo-shelving-unit-black-70342199/,SR399
63,501177,GRÖNLID,Armchairs & chaise longues,https://www.ikea.com/sa/en/p/groenlid-cover-for-2-seat-sofa-bed-section-inseros-white-00501177/,SR500
64,10518568,TROFAST,Nursery furniture,https://www.ikea.com/sa/en/p/trofast-mesh-storage-box-dark-grey-10518568/,SR25
65,70486220,BERGMUND,Dining furniture,https://www.ikea.com/sa/en/p/bergmund-chair-cover-rommele-dark-blue-white-70486220/,SR140
66,486327,GURSKEN,Chests of drawers & drawer units,https://www.ikea.com/sa/en/p/gursken-chest-of-3-drawers-light-beige-00486327/,SR245
67,80397916,IDÅSEN,Tables & desks,https://www.ikea.com/sa/en/p/idasen-underframe-for-table-top-dark-grey-80397916/,"SR1,045"
68,80309241,KULLEN,Chests of drawers & drawer units,https://www.ikea.com/sa/en/p/kullen-chest-of-2-drawers-white-80309241/,SR159
69,20344921,EKET,Cabinets & cupboards,https://www.ikea.com/sa/en/p/eket-cabinet-w-2-doors-and-1-shelf-dark-grey-20344921/,SR459
70,10510303,NÄMMARÖ,Outdoor furniture,https://www.ikea.com/sa/en/p/naemmaroe-bar-table-outdoor-light-brown-stained-10510303/,SR445
71,70510809,SEGERÖN,Outdoor furniture,https://www.ikea.com/sa/en/p/segeroen-corner-section-outdoor-white-beige-70510809/,0
72,50406465,FRANKLIN,Dining furniture,https://www.ikea.com/sa/en/p/franklin-bar-stool-with-backrest-foldable-black-black-50406465/,SR179
73,40399314,KLIPPAN,Sofas,https://www.ikea.com/sa/en/p/klippan-2-seat-sofa-bomstad-black-40399314/,"SR1,595"
74,10549895,HYLTARP,Armchairs & chaise longues,https://www.ikea.com/sa/en/p/hyltarp-cover-f-3-seat-sofa-w-chs-lng-left-gransel-grey-10549895/,SR995
75,90501309,FJÄLLBO,TV & media furniture,https://www.ikea.com/sa/en/p/fjaellbo-tv-bench-black-90501309/,SR579
76,10507838,LÅNESPELARE,Gaming furniture,https://www.ikea.com/sa/en/p/lanespelare-mouse-bungee-black-10507838/,SR89
77,50305739,KALLAX,Bookcases & shelving units,https://www.ikea.com/sa/en/p/kallax-shelving-unit-high-gloss-white-50305739/,SR299
78,40489296,TONSTAD,Dining furniture,https://www.ikea.com/sa/en/p/tonstad-sideboard-brown-stained-oak-veneer-40489296/,"SR1,495"
79,90446351,HAUGA,Beds,https://www.ikea.com/sa/en/p/hauga-upholstered-bed-frame-vissle-grey-90446351/,"SR1,095"
80,90569238,ÄLEBY,Armchairs & chaise longues,https://www.ikea.com/sa/en/p/aeleby-swivel-armchair-gunnared-medium-grey-dark-grey-90569238/,"SR1,599"
81,10490456,GLADSTAD,Beds,https://www.ikea.com/sa/en/p/gladstad-upholstered-bed-frame-kabusa-light-grey-10490456/,"SR1,595"
82,90516061,TROFAST,Nursery furniture,https://www.ikea.com/sa/en/p/trofast-frame-light-white-stained-pine-90516061/,SR225
83,60463304,LÄCKÖ,Outdoor furniture,https://www.ikea.com/sa/en/p/laeckoe-chair-with-armrests-outdoor-dark-grey-60463304/,SR255
84,40452603,PLATSA,Cabinets & cupboards,https://www.ikea.com/sa/en/p/platsa-open-clothes-hanging-unit-white-40452603/,SR325
85,547057,MÅNHULT,Dining furniture,https://www.ikea.com/sa/en/p/manhult-chair-black-hakebo-grey-green-00547057/,SR229
86,10330811,LANGUR,Nursery furniture,https://www.ikea.com/sa/en/p/langur-seat-shell-for-highchair-white-10330811/,SR140
87,30506753,RANNÄS,TV & media furniture,https://www.ikea.com/sa/en/p/rannaes-tv-bench-with-doors-black-black-glass-30506753/,"SR1,595"
88,20493968,PÄRUP,Armchairs & chaise longues,https://www.ikea.com/sa/en/p/paerup-cover-for-3-seat-sofa-with-chaise-longue-vissle-grey-20493968/,SR895
89,40497239,BACKSÄLEN,Armchairs & chaise longues,https://www.ikea.com/sa/en/p/backsaelen-cover-for-3-seat-sofa-katorp-natural-40497239/,SR945
90,70228325,RESÖ,Outdoor furniture,https://www.ikea.com/sa/en/p/resoe-childrens-picnic-table-light-brown-stained-70228325/,SR265
91,30472625,VRETSTORP,Armchairs & chaise longues,https://www.ikea.com/sa/en/p/vretstorp-cover-for-3-seat-sofa-bed-totebo-light-beige-30472625/,SR695
92,80411272,VITVAL,Beds,https://www.ikea.com/sa/en/p/vitval-bunk-bed-frame-white-light-grey-80411272/,"SR2,195"
93,10459620,IDANÄS,Beds,https://www.ikea.com/sa/en/p/idanaes-upholstered-storage-bed-gunnared-dark-grey-10459620/,"SR2,295"
94,80428852,EKET,Bookcases & shelving units,https://www.ikea.com/sa/en/p/eket-cabinet-white-stained-oak-effect-80428852/,SR139
95,70493447,VISTHUS,Wardrobes,https://www.ikea.com/sa/en/p/visthus-wardrobe-grey-white-70493447/,SR995
96,50501071,GREÅKER,Cabinets & cupboards,https://www.ikea.com/sa/en/p/greaker-cabinet-with-drawers-white-50501071/,SR875
97,40504193,GÖRSNYGG,Beds,https://www.ikea.com/sa/en/p/goersnygg-storage-case-white-transparent-40504193/,SR15
98,50511843,STRANDMON,Armchairs & chaise longues,https://www.ikea.com/sa/en/p/strandmon-slipcover-for-wing-chair-risane-natural-50511843/,SR250
99,10407136,IKEA PS LÖMSK,Armchairs & chaise longues,https://www.ikea.com/sa/en/p/ikea-ps-loemsk-swivel-armchair-white-red-10407136/,SR449
100,10424353,VIMUND,Chairs,https://www.ikea.com/sa/en/p/vimund-childrens-desk-chair-light-pink-10424353/,SR395
101,90456967,STRANDMON,Armchairs & chaise longues,https://www.ikea.com/sa/en/p/strandmon-footstool-vibberbo-black-beige-90456967/,SR545
102,559724,PLATSA,Cabinets & cupboards,https://www.ikea.com/sa/en/p/platsa-open-shelving-unit-blue-00559724/,SR275
103,20546622,NYHAMN,Armchairs & chaise longues,https://www.ikea.com/sa/en/p/nyhamn-cover-for-3-seat-sofa-bed-skartofta-black-light-grey-20546622/,SR345
104,488901,IVAR,Cabinets & cupboards,https://www.ikea.com/sa/en/p/ivar-underframe-pine-00488901/,SR175
105,70419971,JONAXEL,Chests of drawers & drawer units,https://www.ikea.com/sa/en/p/jonaxel-shelving-unit-white-70419971/,SR130
106,90529006,JÄTTEBO,Armchairs & chaise longues,https://www.ikea.com/sa/en/p/jaettebo-cover-1-5-seat-module-with-storage-samsala-grey-beige-90529006/,SR295
107,20483295,VIHALS,Chairs,https://www.ikea.com/sa/en/p/vihals-tv-bench-white-20483295/,SR499
108,10519073,SÖDERHAMN,Armchairs & chaise longues,https://www.ikea.com/sa/en/p/soederhamn-cover-for-3-seat-section-gransel-natural-10519073/,SR840
109,80490453,GLADSTAD,Beds,https://www.ikea.com/sa/en/p/gladstad-upholstered-bed-frame-kabusa-light-grey-80490453/,"SR1,345"
110,80430534,GRANHULT,Bookcases & shelving units,https://www.ikea.com/sa/en/p/granhult-jointing-bracket-nickel-plated-80430534/,SR60
111,50496022,IDANÄS,Dining furniture,https://www.ikea.com/sa/en/p/idanaes-sideboard-dark-brown-stained-50496022/,"SR1,995"
112,80512657,TOLKNING,Chairs,https://www.ikea.com/sa/en/p/tolkning-bench-with-storage-handmade-rattan-80512657/,SR645
113,246078,JANINGE,Dining furniture,https://www.ikea.com/sa/en/p/janinge-chair-white-00246078/,SR299
114,10452548,PLATSA,Cabinets & cupboards,https://www.ikea.com/sa/en/p/platsa-open-shelving-unit-white-10452548/,SR225
115,60457746,KLUBBFORS,Armchairs & chaise longues,https://www.ikea.com/sa/en/p/klubbfors-armchair-gunnared-beige-60457746/,"SR1,695"
116,60441779,ÖRFJÄLL,Children's furniture,https://www.ikea.com/sa/en/p/oerfjaell-childrens-desk-chair-white-vissle-blue-green-60441779/,SR259
117,40521687,OSKARSHAMN,Armchairs & chaise longues,https://www.ikea.com/sa/en/p/oskarshamn-footstool-with-storage-tonerud-red-40521687/,SR695
118,20458936,IDANÄS,Beds,https://www.ikea.com/sa/en/p/idanaes-upholstered-bed-frame-gunnared-pale-pink-20458936/,"SR1,395"
119,514896,HAVBERG,Armchairs & chaise longues,https://www.ikea.com/sa/en/p/havberg-footstool-lejde-grey-black-00514896/,SR695
120,20411425,STACKHOLMEN,Dining furniture,https://www.ikea.com/sa/en/p/stackholmen-stool-outdoor-light-brown-stained-20411425/,SR155
121,10496180,VIMLE,Armchairs & chaise longues,https://www.ikea.com/sa/en/p/vimle-cover-for-2-seat-sofa-bed-section-hallarp-beige-10496180/,SR645
122,10323349,BILLY,Bookcases & shelving units,https://www.ikea.com/sa/en/p/billy-bookcase-brown-ash-veneer-10323349/,SR389
123,80503549,SKRUVBY,TV & media furniture,https://www.ikea.com/sa/en/p/skruvby-tv-bench-white-80503549/,SR525
124,80502998,BAGGEBO,Cabinets & cupboards,https://www.ikea.com/sa/en/p/baggebo-cabinet-with-glass-doors-metal-white-80502998/,SR245
125,90263836,BILLY,Bookcases & shelving units,https://www.ikea.com/sa/en/p/billy-bookcase-black-brown-90263836/,SR389
126,30240348,BEKVÄM,Trolleys,https://www.ikea.com/sa/en/p/bekvaem-kitchen-trolley-birch-30240348/,SR445
127,50299502,TUNSTA,Tables & desks,https://www.ikea.com/sa/en/p/tunsta-side-table-anthracite-50299502/,SR349
128,50391044,HAVSTA,Cabinets & cupboards,https://www.ikea.com/sa/en/p/havsta-glass-door-cabinet-dark-brown-50391044/,"SR1,695"
129,20501181,GRÖNLID,Armchairs & chaise longues,https://www.ikea.com/sa/en/p/groenlid-cover-for-2-seat-sofa-bed-section-ljungen-light-red-20501181/,SR550
130,90548284,HYLTARP,Armchairs & chaise longues,https://www.ikea.com/sa/en/p/hyltarp-cover-f-3-seat-sofa-w-chs-lng-left-gransel-grey-brown-90548284/,SR995
131,50209865,HÖGSTEN,Outdoor furniture,https://www.ikea.com/sa/en/p/hoegsten-armchair-outdoor-white-50209865/,SR555
132,40452575,PLATSA,Cabinets & cupboards,https://www.ikea.com/sa/en/p/platsa-open-shelving-unit-white-40452575/,SR225
133,514033,KUGGIS,Cabinets & cupboards,https://www.ikea.com/sa/en/p/kuggis-box-with-lid-transparent-black-00514033/,SR32
134,29478082,PAX / FORSAND,Wardrobes,https://www.ikea.com/sa/en/p/pax-forsand-wardrobe-white-white-s29478082/,"SR2,985"
135,70418170,PRÄSTHOLM,Outdoor furniture,https://www.ikea.com/sa/en/p/praestholm-bench-with-backrest-outdoor-grey-70418170/,SR835
136,80299874,BESTÅ,TV & media furniture,https://www.ikea.com/sa/en/p/besta-tv-bench-black-brown-80299874/,SR845
137,20399777,NISSAFORS,Trolleys,https://www.ikea.com/sa/en/p/nissafors-trolley-black-20399777/,SR105
138,90219829,BEKVÄM,Chairs,https://www.ikea.com/sa/en/p/bekvaem-stepladder-3-steps-black-90219829/,SR275
139,40481120,KOPPANG,Chests of drawers & drawer units,https://www.ikea.com/sa/en/p/koppang-chest-of-5-drawers-black-brown-40481120/,SR875
140,40520008,TROFAST,Nursery furniture,https://www.ikea.com/sa/en/p/trofast-storage-tray-with-compartments-turquoise-40520008/,SR20
141,10496137,VIMLE,Armchairs & chaise longues,https://www.ikea.com/sa/en/p/vimle-cover-for-1-seat-section-hallarp-beige-10496137/,SR395
142,30115066,NISSE,Dining furniture,https://www.ikea.com/sa/en/p/nisse-folding-chair-black-30115066/,SR79
143,40333969,EKET,Chests of drawers & drawer units,https://www.ikea.com/sa/en/p/eket-cabinet-with-3-drawers-white-40333969/,SR779
144,30459997,MITTBACK,Tables & desks,https://www.ikea.com/sa/en/p/mittback-trestle-birch-30459997/,SR185
145,80486205,BERGMUND,Dining furniture,https://www.ikea.com/sa/en/p/bergmund-chair-cover-hallarp-beige-80486205/,SR90
146,70280686,SVALSTA,Tables & desks,https://www.ikea.com/sa/en/p/svalsta-nest-of-tables-set-of-2-white-stain-70280686/,SR579
147,60365346,MAMMUT,Outdoor furniture,https://www.ikea.com/sa/en/p/mammut-childrens-chair-in-outdoor-blue-60365346/,SR79
148,60483255,VIHALS,Wardrobes,https://www.ikea.com/sa/en/p/vihals-wardrobe-with-2-doors-white-60483255/,"SR1,495"
149,10520873,SPIKSMED,Cabinets & cupboards,https://www.ikea.com/sa/en/p/spiksmed-cabinet-light-grey-10520873/,SR329
150,80285155,LAPPLAND,TV & media furniture,https://www.ikea.com/sa/en/p/lappland-tv-storage-unit-white-80285155/,SR999
151,496350,BAGGEBO,TV & media furniture,https://www.ikea.com/sa/en/p/baggebo-tv-bench-white-00496350/,SR159
152,262879,EKERÖ,Armchairs & chaise longues,https://www.ikea.com/sa/en/p/ekeroe-armchair-skiftebo-yellow-00262879/,SR995
153,30483799,ALEX,Chests of drawers & drawer units,https://www.ikea.com/sa/en/p/alex-drawer-unit-grey-turquoise-30483799/,SR645
154,30503354,NÄMMARÖ,Outdoor furniture,https://www.ikea.com/sa/en/p/naemmaroe-sun-lounger-outdoor-light-brown-stained-30503354/,SR595
155,70479168,SKYDRAG,Wardrobes,https://www.ikea.com/sa/en/p/skydrag-led-wrktp-ward-lghtng-strp-w-sensor-dimmable-anthracite-70479168/,SR89
156,90496384,IDÅSEN,Dining furniture,https://www.ikea.com/sa/en/p/idasen-cabinet-with-sliding-glass-doors-dark-grey-90496384/,"SR1,845"
157,30091452,TROFAST,Nursery furniture,https://www.ikea.com/sa/en/p/trofast-frame-white-30091452/,0
158,568728,DANDERYD,Dining furniture,https://www.ikea.com/sa/en/p/danderyd-dining-table-white-00568728/,SR799
159,407274,HAUGA,Chests of drawers & drawer units,https://www.ikea.com/sa/en/p/hauga-chest-of-3-drawers-white-00407274/,SR595
160,70103250,INGOLF,Dining furniture,https://www.ikea.com/sa/en/p/ingolf-chair-white-70103250/,SR299
161,90531957,NISSAFORS,Trolleys,https://www.ikea.com/sa/en/p/nissafors-trolley-pale-green-90531957/,SR105
162,40233535,NOLMYRA,Armchairs & chaise longues,https://www.ikea.com/sa/en/p/nolmyra-easy-chair-black-black-40233535/,SR249
163,20523611,OSKARSHAMN,Armchairs & chaise longues,https://www.ikea.com/sa/en/p/oskarshamn-wing-chair-tibbleby-beige-grey-20523611/,"SR1,695"
164,60458835,IDANÄS,Wardrobes,https://www.ikea.com/sa/en/p/idanaes-wardrobe-white-60458835/,"SR1,995"
165,80521242,BALTSAR,Dining furniture,https://www.ikea.com/sa/en/p/baltsar-swivel-chair-black-80521242/,SR699
166,30489230,TONSTAD,Dining furniture,https://www.ikea.com/sa/en/p/tonstad-cabinet-with-sliding-doors-brown-stained-oak-veneer-30489230/,SR995
167,30446354,HAUGA,Beds,https://www.ikea.com/sa/en/p/hauga-upholstered-bed-frame-vissle-grey-30446354/,"SR1,195"
168,80153800,TROFAST,Nursery furniture,https://www.ikea.com/sa/en/p/trofast-frame-white-80153800/,0
169,40419982,ALEFJÄLL,Chairs,https://www.ikea.com/sa/en/p/alefjaell-office-chair-grann-golden-brown-40419982/,"SR1,545"
170,80507632,UPPSPEL,Gaming furniture,https://www.ikea.com/sa/en/p/uppspel-drawer-unit-on-castors-black-80507632/,SR545
171,20522032,STYRSPEL,Gaming furniture,https://www.ikea.com/sa/en/p/styrspel-gaming-chair-dark-grey-grey-20522032/,"SR1,395"
172,30330947,PLATSA,Cabinets & cupboards,https://www.ikea.com/sa/en/p/platsa-frame-white-30330947/,SR300
173,60239715,STOCKHOLM,TV & media furniture,https://www.ikea.com/sa/en/p/stockholm-tv-bench-walnut-veneer-60239715/,"SR2,295"
174,70503738,VINGSÖN,Armchairs & chaise longues,https://www.ikea.com/sa/en/p/vingsoen-wing-chair-in-outdoor-grey-70503738/,"SR1,295"
175,50544787,VRETSTORP,Armchairs & chaise longues,https://www.ikea.com/sa/en/p/vretstorp-cover-for-3-seat-sofa-bed-hakebo-dark-grey-50544787/,SR495
176,10504806,GAMMALBYN,Sofas,https://www.ikea.com/sa/en/p/gammalbyn-2-seat-sofa-beige-10504806/,"SR1,995"
177,40477948,REMSTA,Armchairs & chaise longues,https://www.ikea.com/sa/en/p/remsta-armchair-hakebo-beige-40477948/,SR895
178,90348063,SMARRA,Cabinets & cupboards,https://www.ikea.com/sa/en/p/smarra-box-with-lid-natural-90348063/,SR89
179,10360134,KALLAX,"Sideboards, buffets & console tables",https://www.ikea.com/sa/en/p/kallax-shelving-unit-walnut-effect-light-grey-10360134/,SR549
180,90499066,ANGERSBY,Sofas,https://www.ikea.com/sa/en/p/angersby-3-seat-sofa-knisa-light-grey-90499066/,"SR1,799"
181,50180027,MICKE,Tables & desks,https://www.ikea.com/sa/en/p/micke-add-on-unit-high-black-brown-50180027/,SR250
182,20458823,IDANÄS,Dining furniture,https://www.ikea.com/sa/en/p/idanaes-cabinet-with-bi-folding-doors-white-20458823/,"SR1,595"
183,10496095,VIMLE,Armchairs & chaise longues,https://www.ikea.com/sa/en/p/vimle-cover-for-3-seat-section-saxemara-black-blue-10496095/,SR545
184,492795,LÄRANDE,Tables & desks,https://www.ikea.com/sa/en/p/laerande-desk-with-pull-out-storage-unit-white-00492795/,SR795
185,80472492,MULLFJÄLLET,Chairs,https://www.ikea.com/sa/en/p/mullfjaellet-conference-chair-with-castors-naggen-dark-grey-80472492/,SR845
186,495812,VIMLE,Armchairs & chaise longues,https://www.ikea.com/sa/en/p/vimle-cover-for-chaise-longue-section-gunnared-beige-00495812/,SR545
187,537850,TORPARÖ,Dining furniture,https://www.ikea.com/sa/en/p/torparoe-chair-in-outdoor-foldable-white-grey-00537850/,SR95
188,70529465,PINNTORP,Dining furniture,https://www.ikea.com/sa/en/p/pinntorp-gateleg-table-light-brown-stained-white-stained-70529465/,SR849
189,80396813,GRÖNLID,Armchairs & chaise longues,https://www.ikea.com/sa/en/p/groenlid-cover-for-corner-section-ljungen-medium-grey-80396813/,SR400
190,20391658,TORNVIKEN,Trolleys,https://www.ikea.com/sa/en/p/tornviken-kitchen-island-grey-oak-20391658/,"SR1,495"
191,50454507,RÅVAROR,Bookcases & shelving units,https://www.ikea.com/sa/en/p/ravaror-shelving-unit-on-castors-oak-veneer-50454507/,SR545
192,20503547,SKRUVBY,Cabinets & cupboards,https://www.ikea.com/sa/en/p/skruvby-cabinet-with-doors-white-20503547/,SR525
193,30498890,LACK,TV & media furniture,https://www.ikea.com/sa/en/p/lack-tv-bench-white-30498890/,SR279
194,10269696,SUNDVIK,Nursery furniture,https://www.ikea.com/sa/en/p/sundvik-wardrobe-white-10269696/,"SR1,425"
195,20463056,RÅSHULT,Trolleys,https://www.ikea.com/sa/en/p/rashult-trolley-white-20463056/,SR149
196,70526532,ÖSTANÖ,Dining furniture,https://www.ikea.com/sa/en/p/oestanoe-chair-red-brown-remmarn-red-brown-70526532/,SR79
197,90299449,TUFFING,Beds,https://www.ikea.com/sa/en/p/tuffing-loft-bed-frame-dark-grey-90299449/,SR745
198,50489012,GLOSTAD,Sofas,https://www.ikea.com/sa/en/p/glostad-2-seat-sofa-knisa-dark-grey-50489012/,SR699
199,501158,GRÖNLID,Armchairs & chaise longues,https://www.ikea.com/sa/en/p/groenlid-cover-for-footstool-with-storage-ljungen-light-green-00501158/,SR250
200,30333286,BROR,Bookcases & shelving units,https://www.ikea.com/sa/en/p/bror-work-bench-black-pine-plywood-30333286/,SR845
201,70515468,GRÅSALA,Dining furniture,https://www.ikea.com/sa/en/p/grasala-chair-grey-70515468/,SR125
202,40299687,BURFJORD,Beds,https://www.ikea.com/sa/en/p/burfjord-leg-oak-40299687/,SR100
203,90477677,HAUGA,Tables & desks,https://www.ikea.com/sa/en/p/hauga-desk-white-90477677/,SR599
204,60494584,EKERÖ,Armchairs & chaise longues,https://www.ikea.com/sa/en/p/ekeroe-armchair-skiftebo-dark-grey-60494584/,SR995
205,60533533,EKENÄSET,Armchairs & chaise longues,https://www.ikea.com/sa/en/p/ekenaeset-bench-kilanda-light-beige-60533533/,SR895
206,70569079,MALM,Chests of drawers & drawer units,https://www.ikea.com/sa/en/p/malm-chest-of-3-drawers-grey-green-70569079/,SR499
207,20045205,SNIGLAR,Nursery furniture,https://www.ikea.com/sa/en/p/sniglar-changing-table-beech-white-20045205/,SR195
208,60217799,GUNDE,Dining furniture,https://www.ikea.com/sa/en/p/gunde-folding-chair-white-60217799/,SR49
209,70525919,PERSBOL,Armchairs & chaise longues,https://www.ikea.com/sa/en/p/persbol-armchair-brown-red-tibbleby-beige-grey-70525919/,SR995
210,80452583,PLATSA,Bookcases & shelving units,https://www.ikea.com/sa/en/p/platsa-open-shelving-unit-white-80452583/,SR175
211,10422504,RÖNNINGE,Dining furniture,https://www.ikea.com/sa/en/p/roenninge-chair-birch-10422504/,SR479
212,40511056,NACKANÄS,Dining furniture,https://www.ikea.com/sa/en/p/nackanaes-table-acacia-40511056/,SR899
213,469115,JUTHOLMEN,Outdoor furniture,https://www.ikea.com/sa/en/p/jutholmen-stool-outdoor-dark-grey-brown-00469115/,SR229
214,90511233,RÖNNINGE,Bar furniture,https://www.ikea.com/sa/en/p/roenninge-bar-stool-birch-90511233/,SR399
215,20275814,KALLAX,Bookcases & shelving units,https://www.ikea.com/sa/en/p/kallax-shelving-unit-white-20275814/,SR199
216,80359844,STRANDMON,Armchairs & chaise longues,https://www.ikea.com/sa/en/p/strandmon-wing-chair-djuparp-dark-green-80359844/,"SR1,195"
217,472617,VRETSTORP,Armchairs & chaise longues,https://www.ikea.com/sa/en/p/vretstorp-cover-for-3-seat-sofa-bed-hallarp-grey-00472617/,"SR1,195"
218,60155602,DALFRED,Dining furniture,https://www.ikea.com/sa/en/p/dalfred-bar-stool-black-60155602/,SR279
219,10423589,VEDBO,Armchairs & chaise longues,https://www.ikea.com/sa/en/p/vedbo-high-back-armchair-gunnared-light-brown-pink-10423589/,"SR1,695"
220,10472645,EKTORP,Armchairs & chaise longues,https://www.ikea.com/sa/en/p/ektorp-cover-for-3-seat-sofa-with-chaise-longue-remmarn-light-grey-10472645/,SR600
221,378667,FANBYN,Dining furniture,https://www.ikea.com/sa/en/p/fanbyn-seat-shell-with-armrests-white-00378667/,SR195
222,50403589,MALM,Chests of drawers & drawer units,https://www.ikea.com/sa/en/p/malm-chest-of-6-drawers-black-brown-mirror-glass-50403589/,SR779
223,20436713,BAGGEBO,Bookcases & shelving units,https://www.ikea.com/sa/en/p/baggebo-bookcase-white-20436713/,SR159
224,90520746,KOLBJÖRN,Bookcases & shelving units,https://www.ikea.com/sa/en/p/kolbjoern-cabinet-in-outdoor-brown-red-90520746/,SR400
225,80433486,GODISHUS,Nursery furniture,https://www.ikea.com/sa/en/p/godishus-chest-of-3-drawers-white-80433486/,SR395
226,60196358,SUNDVIK,Chairs,https://www.ikea.com/sa/en/p/sundvik-childrens-chair-white-60196358/,SR145
227,90449905,LACK,Tables & desks,https://www.ikea.com/sa/en/p/lack-coffee-table-white-90449905/,SR109
228,60366789,SONGESAND,Chests of drawers & drawer units,https://www.ikea.com/sa/en/p/songesand-chest-of-4-drawers-brown-60366789/,SR795
229,20518997,SÖDERHAMN,Armchairs & chaise longues,https://www.ikea.com/sa/en/p/soederhamn-footstool-cover-fridtuna-dark-grey-20518997/,SR295
230,30463305,VIHOLMEN,Outdoor furniture,https://www.ikea.com/sa/en/p/viholmen-table-outdoor-dark-grey-30463305/,SR565
231,50488734,VIHALS,Tables & desks,https://www.ikea.com/sa/en/p/vihals-coffee-table-white-50488734/,SR325
232,10351441,LUNNARP,Tables & desks,https://www.ikea.com/sa/en/p/lunnarp-coffee-table-white-10351441/,SR349
233,20549418,RÅGRUND,Trolleys,https://www.ikea.com/sa/en/p/ragrund-trolley-bamboo-20549418/,SR249
234,10510812,SEGERÖN,Outdoor furniture,https://www.ikea.com/sa/en/p/segeroen-table-outdoor-dark-green-light-grey-10510812/,SR895
235,130129,SAMLA,Beds,https://www.ikea.com/sa/en/p/samla-box-transparent-00130129/,SR50
236,513547,KLAGSHAMN,Armchairs & chaise longues,https://www.ikea.com/sa/en/p/klagshamn-cover-for-back-cushion-skiftebo-dark-grey-00513547/,SR130
237,20527505,KIVIK,Armchairs & chaise longues,https://www.ikea.com/sa/en/p/kivik-cover-for-corner-section-tresund-anthracite-20527505/,SR995
238,40273593,FLISAT,Chairs,https://www.ikea.com/sa/en/p/flisat-childrens-stool-40273593/,SR115
239,90366764,SONGESAND,Chests of drawers & drawer units,https://www.ikea.com/sa/en/p/songesand-chest-of-3-drawers-brown-90366764/,SR645
240,80493791,PÄRUP,Armchairs & chaise longues,https://www.ikea.com/sa/en/p/paerup-cover-for-2-seat-sofa-vissle-grey-80493791/,SR395
241,60151840,LÄCKÖ,Outdoor furniture,https://www.ikea.com/sa/en/p/laeckoe-chair-outdoor-grey-60151840/,SR195
242,70434311,BUSKBO,Armchairs & chaise longues,https://www.ikea.com/sa/en/p/buskbo-armchair-rattan-70434311/,SR845
243,80516071,TROFAST,Nursery furniture,https://www.ikea.com/sa/en/p/trofast-wall-storage-light-white-stained-pine-80516071/,SR100
244,50409874,BRIMNES,TV & media furniture,https://www.ikea.com/sa/en/p/brimnes-tv-bench-white-50409874/,SR845
245,90515684,VÄRMANSÖ,Outdoor furniture,https://www.ikea.com/sa/en/p/vaermansoe-table-outdoor-dark-grey-90515684/,"SR1,115"
246,20493807,PÄRUP,Armchairs & chaise longues,https://www.ikea.com/sa/en/p/paerup-cover-for-3-seat-sofa-vissle-grey-20493807/,SR495
247,40466389,GISTAD,Armchairs & chaise longues,https://www.ikea.com/sa/en/p/gistad-recliner-idekulla-dark-red-40466389/,"SR1,245"
248,20424593,SOLLERÖN,Outdoor furniture,https://www.ikea.com/sa/en/p/solleroen-corner-section-outdoor-dark-grey-20424593/,SR895
249,60330979,HJÄLPA,Cabinets & cupboards,https://www.ikea.com/sa/en/p/hjaelpa-drawer-without-front-white-60330979/,SR80
250,30534954,HEMNES,Tables & desks,https://www.ikea.com/sa/en/p/hemnes-desk-with-2-drawers-white-stain-light-brown-30534954/,SR995
251,30506239,ÄPPLARYD,Sofas,https://www.ikea.com/sa/en/p/aepplaryd-3-seat-sofa-lejde-light-grey-30506239/,"SR3,995"
252,40400478,BRIMNES,Wardrobes,https://www.ikea.com/sa/en/p/brimnes-wardrobe-with-2-doors-white-40400478/,SR725
253,90297657,LISABO,Tables & desks,https://www.ikea.com/sa/en/p/lisabo-coffee-table-ash-veneer-90297657/,SR699
254,90423887,NORDEN,Dining furniture,https://www.ikea.com/sa/en/p/norden-gateleg-table-birch-90423887/,"SR1,099"
255,80263832,BILLY,Bookcases & shelving units,https://www.ikea.com/sa/en/p/billy-bookcase-white-80263832/,SR189
256,40465441,LINNEBÄCK,Armchairs & chaise longues,https://www.ikea.com/sa/en/p/linnebaeck-easy-chair-vissle-dark-grey-40465441/,SR295
257,90511105,NÄMMARÖ,Outdoor furniture,https://www.ikea.com/sa/en/p/naemmaroe-chair-with-armrests-outdoor-light-brown-stained-90511105/,SR255
258,80515873,TROFAST,Nursery furniture,https://www.ikea.com/sa/en/p/trofast-storage-tray-with-compartments-grey-80515873/,SR20
259,80430591,LACK,Bookcases & shelving units,https://www.ikea.com/sa/en/p/lack-wall-shelf-unit-black-brown-80430591/,SR379
260,50487857,IDANÄS,TV & media furniture,https://www.ikea.com/sa/en/p/idanaes-tv-bench-dark-brown-stained-50487857/,"SR1,595"
261,90471581,KORNSJÖ,Chairs,https://www.ikea.com/sa/en/p/kornsjoe-storage-bench-black-90471581/,SR475
262,40488961,HAUGA,Chests of drawers & drawer units,https://www.ikea.com/sa/en/p/hauga-bedside-table-grey-40488961/,SR295
263,392461,HEMNES,Chests of drawers & drawer units,https://www.ikea.com/sa/en/p/hemnes-chest-of-2-drawers-grey-stained-00392461/,SR495
264,50456403,SANDSHULT,Bookcases & shelving units,https://www.ikea.com/sa/en/p/sandshult-bracket-white-stained-aspen-50456403/,SR30
265,60406785,FRANKLIN,Bar furniture,https://www.ikea.com/sa/en/p/franklin-bar-stool-with-backrest-foldable-black-black-60406785/,SR199
266,70261150,MARKUS,Chairs,https://www.ikea.com/sa/en/p/markus-office-chair-vissle-dark-grey-70261150/,SR995
267,50481172,BAGGEBO,Bookcases & shelving units,https://www.ikea.com/sa/en/p/baggebo-shelving-unit-metal-white-50481172/,SR149
268,503435,SMÄLLEN,Chairs,https://www.ikea.com/sa/en/p/smaellen-swivel-chair-black-00503435/,SR129
269,50466553,LANESUND,TV & media furniture,https://www.ikea.com/sa/en/p/lanesund-tv-bench-grey-brown-50466553/,"SR1,995"
270,10400540,EKEDALEN,Dining furniture,https://www.ikea.com/sa/en/p/ekedalen-bar-stool-with-backrest-dark-brown-orrsta-light-grey-10400540/,SR445
271,10505716,BLÅKULLEN,Beds,https://www.ikea.com/sa/en/p/blakullen-uph-bed-frame-with-corner-headboard-knisa-medium-blue-10505716/,SR875
272,90571528,MATCHSPEL,Gaming furniture,https://www.ikea.com/sa/en/p/matchspel-gaming-chair-bomstad-light-grey-90571528/,SR995
273,70403606,MALM,Chests of drawers & drawer units,https://www.ikea.com/sa/en/p/malm-chest-of-6-drawers-black-brown-70403606/,SR829
274,20312492,OBSERVATÖR,Bookcases & shelving units,https://www.ikea.com/sa/en/p/observatoer-clip-on-basket-grey-brown-20312492/,SR15
275,455383,VINLIDEN,Armchairs & chaise longues,https://www.ikea.com/sa/en/p/vinliden-cover-for-3-seat-sofa-hillared-anthracite-00455383/,SR680
276,80547384,BROR,Trolleys,https://www.ikea.com/sa/en/p/bror-trolley-grey-green-pine-plywood-80547384/,SR795
277,30556229,EKET,Bookcases & shelving units,https://www.ikea.com/sa/en/p/eket-cabinet-grey-green-30556229/,SR135
278,20565272,EKTORP,Armchairs & chaise longues,https://www.ikea.com/sa/en/p/ektorp-cover-for-2-seat-sofa-hakebo-dark-grey-20565272/,SR295
279,60428990,NORRÅKER,Dining furniture,https://www.ikea.com/sa/en/p/norraker-bench-birch-60428990/,SR395
280,80334603,EKET,Bookcases & shelving units,https://www.ikea.com/sa/en/p/eket-cabinet-white-80334603/,SR139
281,40383469,NORDLI,Chests of drawers & drawer units,https://www.ikea.com/sa/en/p/nordli-modular-chest-of-3-drawers-white-40383469/,SR675
282,20320897,TULLSTA,Armchairs & chaise longues,https://www.ikea.com/sa/en/p/tullsta-armchair-cover-nordvalla-medium-grey-20320897/,SR245
283,80565194,TROFAST,Nursery furniture,https://www.ikea.com/sa/en/p/trofast-frame-grey-80565194/,SR130
284,10508606,EKEDALEN,Dining furniture,https://www.ikea.com/sa/en/p/ekedalen-chair-cover-hakebo-dark-grey-10508606/,SR60
285,10362963,SLÄKT,Chairs,https://www.ikea.com/sa/en/p/slaekt-pouffe-mattress-foldable-10362963/,SR650
286,60357737,UTTER,Outdoor furniture,https://www.ikea.com/sa/en/p/utter-childrens-table-in-outdoor-white-60357737/,SR69
287,30458889,IDANÄS,Beds,https://www.ikea.com/sa/en/p/idanaes-bed-frame-dark-brown-stained-30458889/,"SR1,195"
288,30275861,KALLAX,Room dividers,https://www.ikea.com/sa/en/p/kallax-shelving-unit-white-30275861/,SR749
289,20365131,GALANT,Cabinets & cupboards,https://www.ikea.com/sa/en/p/galant-cabinet-with-sliding-doors-black-stained-ash-veneer-20365131/,"SR3,295"
290,30260807,ARKELSTORP,Tables & desks,https://www.ikea.com/sa/en/p/arkelstorp-coffee-table-black-30260807/,"SR1,145"
291,40411410,VITVAL,Beds,https://www.ikea.com/sa/en/p/vitval-desk-top-white-40411410/,SR395
292,20391856,DUVHOLMEN,Outdoor furniture,https://www.ikea.com/sa/en/p/duvholmen-inner-cushion-for-seat-back-cushion-outdoor-grey-20391856/,SR100
293,90382882,HJÄLPA,Cabinets & cupboards,https://www.ikea.com/sa/en/p/hjaelpa-soft-closing-hinge-90382882/,SR15
294,50360009,STRANDMON,Armchairs & chaise longues,https://www.ikea.com/sa/en/p/strandmon-footstool-djuparp-dark-green-50360009/,SR345
295,90535804,BROBOCK,Armchairs & chaise longues,https://www.ikea.com/sa/en/p/brobock-armchair-rattan-90535804/,SR695
296,458895,IDANÄS,Beds,https://www.ikea.com/sa/en/p/idanaes-bed-frame-dark-brown-stained-00458895/,"SR1,495"
297,10526907,KIVIK,Armchairs & chaise longues,https://www.ikea.com/sa/en/p/kivik-cover-two-seat-sofa-tibbleby-beige-grey-10526907/,SR395
298,70506237,ÄPPLARYD,Sofas,https://www.ikea.com/sa/en/p/aepplaryd-3-seat-sofa-lejde-grey-black-70506237/,"SR3,995"
299,90483819,IDÅSEN,Tables & desks,https://www.ikea.com/sa/en/p/idasen-underframe-for-table-top-dark-grey-90483819/,SR600
300,20456904,HAUGA,Chests of drawers & drawer units,https://www.ikea.com/sa/en/p/hauga-chest-of-3-drawers-with-shelf-grey-20456904/,SR745
301,70501112,GRÖNLID,Armchairs & chaise longues,https://www.ikea.com/sa/en/p/groenlid-cover-for-3-seat-section-ljungen-medium-grey-70501112/,SR895
302,80494026,SUNDVIK,Nursery furniture,https://www.ikea.com/sa/en/p/sundvik-changing-table-chest-of-drawers-grey-80494026/,"SR1,295"
303,90539114,TUMHOLMEN,Outdoor furniture,https://www.ikea.com/sa/en/p/tumholmen-rocking-chair-in-outdoor-white-multicolour-90539114/,SR275
304,50386245,MÖRBYLÅNGA,Dining furniture,https://www.ikea.com/sa/en/p/moerbylanga-table-oak-veneer-brown-stained-50386245/,"SR2,999"
305,40462621,SMÅSTAD,Nursery furniture,https://www.ikea.com/sa/en/p/smastad-changing-table-desk-white-40462621/,SR795
306,80474151,EKET,Cabinets & cupboards,https://www.ikea.com/sa/en/p/eket-leg-wood-80474151/,SR80
307,60528975,JÄTTEBO,Armchairs & chaise longues,https://www.ikea.com/sa/en/p/jaettebo-cover-1-seat-module-with-storage-samsala-dark-yellow-green-60528975/,SR220
308,10519493,KIVIK,Armchairs & chaise longues,https://www.ikea.com/sa/en/p/kivik-chaise-longue-grann-bomstad-black-10519493/,"SR3,495"
309,60246080,JANINGE,Café furniture,https://www.ikea.com/sa/en/p/janinge-chair-yellow-60246080/,SR299
310,20359154,VADHOLMA,Trolleys,https://www.ikea.com/sa/en/p/vadholma-kitchen-island-black-oak-20359154/,"SR2,545"
311,90534791,LILLÅNÄS,Dining furniture,https://www.ikea.com/sa/en/p/lillanaes-bar-stool-chrome-plated-gunnared-dark-grey-90534791/,SR425
312,10091453,TROFAST,Nursery furniture,https://www.ikea.com/sa/en/p/trofast-frame-white-10091453/,0
313,90527516,KIVIK,Armchairs & chaise longues,https://www.ikea.com/sa/en/p/kivik-cover-two-seat-sofa-tresund-anthracite-90527516/,SR795
314,10248519,GULLIVER,Nursery furniture,https://www.ikea.com/sa/en/p/gulliver-cot-white-10248519/,SR895
315,407269,HAUGA,Chests of drawers & drawer units,https://www.ikea.com/sa/en/p/hauga-chest-of-6-drawers-white-00407269/,"SR1,095"
316,30339735,FJÄLLBO,Tables & desks,https://www.ikea.com/sa/en/p/fjaellbo-laptop-table-black-30339735/,SR449
317,20341970,HELMER,Chests of drawers & drawer units,https://www.ikea.com/sa/en/p/helmer-drawer-unit-on-castors-black-20341970/,SR265
318,50058376,AGEN,Armchairs & chaise longues,https://www.ikea.com/sa/en/p/agen-chair-rattan-bamboo-50058376/,SR299
319,60398653,GRÖNLID,Armchairs & chaise longues,https://www.ikea.com/sa/en/p/groenlid-cover-for-corner-section-sporda-natural-60398653/,SR445
320,40465653,VADHEIM,Beds,https://www.ikea.com/sa/en/p/vadheim-upholstered-bed-frame-gunnared-light-green-40465653/,"SR2,195"
321,30428982,NORRÅKER,Dining furniture,https://www.ikea.com/sa/en/p/norraker-table-birch-30428982/,SR945
322,70399020,LUNNARP,Chests of drawers & drawer units,https://www.ikea.com/sa/en/p/lunnarp-side-table-white-70399020/,SR249
323,80280515,JANINGE,Dining furniture,https://www.ikea.com/sa/en/p/janinge-chair-with-armrests-white-80280515/,SR329
324,446402,TUFJORD,Beds,https://www.ikea.com/sa/en/p/tufjord-upholstered-bed-frame-gunnared-blue-00446402/,"SR2,995"
325,80454493,SÖDERHAMN,Armchairs & chaise longues,https://www.ikea.com/sa/en/p/soederhamn-corner-section-cover-viarp-beige-brown-80454493/,SR800
326,20544487,MACKAPÄR,Chairs,https://www.ikea.com/sa/en/p/mackapaer-storage-bench-with-sliding-doors-white-20544487/,SR395
327,10487840,IDANÄS,Cabinets & cupboards,https://www.ikea.com/sa/en/p/idanaes-high-cabinet-w-gls-drs-and-1-drawer-white-10487840/,"SR1,995"
328,20295930,TINGBY,Chests of drawers & drawer units,https://www.ikea.com/sa/en/p/tingby-side-table-on-castors-white-20295930/,SR249
329,10365155,GALANT,Chests of drawers & drawer units,https://www.ikea.com/sa/en/p/galant-drawer-unit-on-castors-white-10365155/,SR995
330,10515107,HAVBERG,Armchairs & chaise longues,https://www.ikea.com/sa/en/p/havberg-footstool-grann-bomstad-golden-brown-10515107/,SR995
331,70455412,KORNSJÖ,Chests of drawers & drawer units,https://www.ikea.com/sa/en/p/kornsjoe-side-table-black-70455412/,SR275
332,20439472,NORDKISA,Tables & desks,https://www.ikea.com/sa/en/p/nordkisa-dressing-table-bamboo-20439472/,SR745
333,80512087,STEFAN,Dining furniture,https://www.ikea.com/sa/en/p/stefan-chair-brown-black-knisa-grey-beige-80512087/,SR249
334,80474759,TROTTEN,Cabinets & cupboards,https://www.ikea.com/sa/en/p/trotten-cabinet-with-sliding-doors-white-80474759/,SR995
335,80362974,SLÄKT,Tables & desks,https://www.ikea.com/sa/en/p/slaekt-storage-box-with-castors-white-80362974/,SR450
336,80528960,JÄTTEBO,Armchairs & chaise longues,https://www.ikea.com/sa/en/p/jaettebo-cover-1-5-seat-module-with-storage-tonerud-grey-80528960/,SR195
337,228705,BRIMNES,Beds,https://www.ikea.com/sa/en/p/brimnes-day-bed-frame-with-2-drawers-white-00228705/,0
338,30510302,NÄMMARÖ,Outdoor furniture,https://www.ikea.com/sa/en/p/naemmaroe-bench-with-backrest-outdoor-light-brown-stained-30510302/,SR445
339,50422494,GODISHUS,Nursery furniture,https://www.ikea.com/sa/en/p/godishus-wardrobe-white-50422494/,SR595
340,10321369,HOLMSUND,Armchairs & chaise longues,https://www.ikea.com/sa/en/p/holmsund-three-seat-sofa-bed-cover-nordvalla-medium-grey-10321369/,SR695
341,60365167,MAMMUT,Outdoor furniture,https://www.ikea.com/sa/en/p/mammut-childrens-table-in-outdoor-red-60365167/,SR115
342,10275862,KALLAX,Room dividers,https://www.ikea.com/sa/en/p/kallax-shelving-unit-black-brown-10275862/,SR749
343,60403150,VEDBO,Dining furniture,https://www.ikea.com/sa/en/p/vedbo-chair-black-gunnared-dark-grey-60403150/,SR699
344,50511838,STRANDMON,Armchairs & chaise longues,https://www.ikea.com/sa/en/p/strandmon-slipcover-for-footstool-risane-natural-50511838/,SR120
345,50307125,ESPEVÄR,Beds,https://www.ikea.com/sa/en/p/espevaer-cover-white-50307125/,SR275
346,360144,KALLAX,Room dividers,https://www.ikea.com/sa/en/p/kallax-shelving-unit-walnut-effect-light-grey-00360144/,SR799
347,90301555,KALLAX,Bookcases & shelving units,https://www.ikea.com/sa/en/p/kallax-shelving-unit-white-90301555/,SR179
348,40423583,VEDBO,Armchairs & chaise longues,https://www.ikea.com/sa/en/p/vedbo-high-back-armchair-gunnared-blue-40423583/,"SR1,695"
349,50532138,BALTSAR,Dining furniture,https://www.ikea.com/sa/en/p/baltsar-chair-black-50532138/,SR699
350,80532009,SKRUVBY,Chests of drawers & drawer units,https://www.ikea.com/sa/en/p/skruvby-side-table-white-80532009/,SR199
351,50240031,ASKHOLMEN,Dining furniture,https://www.ikea.com/sa/en/p/askholmen-chair-outdoor-foldable-light-brown-stained-50240031/,SR199
352,461888,ÄSPERÖD,Tables & desks,https://www.ikea.com/sa/en/p/aesperoed-coffee-table-black-glass-black-00461888/,SR595
353,10512236,LINANÄS,Sofas,https://www.ikea.com/sa/en/p/linanaes-3-seat-sofa-vissle-beige-10512236/,"SR1,295"
354,30518529,TORPARÖ,Outdoor furniture,https://www.ikea.com/sa/en/p/torparoe-chair-with-armrests-in-outdoor-light-grey-blue-30518529/,SR165
355,80499444,KULLABERG,Tables & desks,https://www.ikea.com/sa/en/p/kullaberg-desk-pine-80499444/,SR895
356,70161320,HOL,Tables & desks,https://www.ikea.com/sa/en/p/hol-side-table-acacia-70161320/,SR299
357,40455654,BINGSTA,Armchairs & chaise longues,https://www.ikea.com/sa/en/p/bingsta-high-back-armchair-vissle-dark-yellow-kabusa-dark-yellow-40455654/,SR945
358,60150176,BRÄDA,Tables & desks,https://www.ikea.com/sa/en/p/braeda-laptop-support-black-60150176/,SR25
359,20305745,KALLAX,Room dividers,https://www.ikea.com/sa/en/p/kallax-shelving-unit-high-gloss-white-20305745/,SR899
360,90530081,TROFAST,Nursery furniture,https://www.ikea.com/sa/en/p/trofast-mesh-storage-box-light-green-grey-90530081/,SR45
361,40300662,BRIMNES,Cabinets & cupboards,https://www.ikea.com/sa/en/p/brimnes-cabinet-with-doors-white-40300662/,SR579
362,20420632,BONDHOLMEN,Outdoor furniture,https://www.ikea.com/sa/en/p/bondholmen-bench-with-backrest-outdoor-grey-20420632/,SR865
363,369111,NORDVIKEN,Dining furniture,https://www.ikea.com/sa/en/p/nordviken-chair-white-00369111/,SR325
364,40371763,HEMNES,Bookcases & shelving units,https://www.ikea.com/sa/en/p/hemnes-bookcase-white-stain-40371763/,SR949
365,70496097,VIMLE,Armchairs & chaise longues,https://www.ikea.com/sa/en/p/vimle-cover-for-3-seat-section-hallarp-grey-70496097/,SR645
366,70403593,MALM,Chests of drawers & drawer units,https://www.ikea.com/sa/en/p/malm-chest-of-6-drawers-white-mirror-glass-70403593/,SR779
367,90493446,VISTHUS,Wardrobes,https://www.ikea.com/sa/en/p/visthus-wardrobe-grey-white-90493446/,"SR2,295"
368,10294511,BESTÅ,TV & media furniture,https://www.ikea.com/sa/en/p/besta-tv-bench-grey-stained-walnut-effect-10294511/,SR600
369,10565729,EKTORP,Armchairs & chaise longues,https://www.ikea.com/sa/en/p/ektorp-cover-f-3-seat-sofa-w-chaise-longue-hakebo-dark-grey-10565729/,SR645
370,30381183,KNARREVIK,Chests of drawers & drawer units,https://www.ikea.com/sa/en/p/knarrevik-bedside-table-black-30381183/,SR59
371,50297046,HEMNES,TV & media furniture,https://www.ikea.com/sa/en/p/hemnes-tv-bench-black-brown-50297046/,"SR1,245"
372,90292725,MARYD,Tables & desks,https://www.ikea.com/sa/en/p/maryd-tray-table-grey-90292725/,SR449
373,60530068,TROFAST,Nursery furniture,https://www.ikea.com/sa/en/p/trofast-mesh-storage-box-grey-blue-60530068/,SR25
374,20551312,RUNMARÖ,Bookcases & shelving units,https://www.ikea.com/sa/en/p/runmaroe-cabinet-with-doors-dark-grey-indoor-outdoor-20551312/,SR795
375,20278167,KALLAX,Bookcases & shelving units,https://www.ikea.com/sa/en/p/kallax-insert-with-door-white-20278167/,SR89
376,90503351,SUNDSÖ,Outdoor furniture,https://www.ikea.com/sa/en/p/sundsoe-chair-outdoor-grey-90503351/,SR175
377,70539011,EKENÄSET,Armchairs & chaise longues,https://www.ikea.com/sa/en/p/ekenaeset-armchair-jonsbyn-black-70539011/,"SR1,395"
378,60404197,HAVSTA,Tables & desks,https://www.ikea.com/sa/en/p/havsta-nest-of-tables-set-of-2-dark-brown-60404197/,SR725
379,80392462,HEMNES,Chests of drawers & drawer units,https://www.ikea.com/sa/en/p/hemnes-chest-of-6-drawers-grey-stained-80392462/,"SR1,495"
380,503807,TEGELÖN,Dining furniture,https://www.ikea.com/sa/en/p/tegeloen-chair-in-outdoor-dark-grey-black-00503807/,SR475
381,70420757,TORPARÖ,Outdoor furniture,https://www.ikea.com/sa/en/p/torparoe-table-outdoor-white-foldable-70420757/,SR475
382,50501189,GRÖNLID,Armchairs & chaise longues,https://www.ikea.com/sa/en/p/groenlid-cover-for-2-seat-sofa-bed-section-sporda-dark-grey-50501189/,SR650
383,30352246,RÅSKOG,Dining furniture,https://www.ikea.com/sa/en/p/raskog-bar-stool-black-30352246/,SR199
384,10501191,GRÖNLID,Armchairs & chaise longues,https://www.ikea.com/sa/en/p/groenlid-cover-for-2-seat-sofa-bed-section-sporda-natural-10501191/,SR650
385,80458839,IDANÄS,Wardrobes,https://www.ikea.com/sa/en/p/idanaes-open-wardrobe-dark-brown-stained-80458839/,"SR1,195"
386,165213,URBAN,Dining furniture,https://www.ikea.com/sa/en/p/urban-junior-chair-white-00165213/,SR295
387,90466546,LANESUND,Dining furniture,https://www.ikea.com/sa/en/p/lanesund-sideboard-grey-brown-90466546/,"SR2,995"
388,30449908,LACK,Chests of drawers & drawer units,https://www.ikea.com/sa/en/p/lack-side-table-white-30449908/,SR49
389,40178591,LAIVA,Bookcases & shelving units,https://www.ikea.com/sa/en/p/laiva-bookcase-black-brown-40178591/,SR129
390,40465733,NISSAFORS,Trolleys,https://www.ikea.com/sa/en/p/nissafors-trolley-white-40465733/,SR105
391,90399284,RIMFORSA,Trolleys,https://www.ikea.com/sa/en/p/rimforsa-work-bench-stainless-steel-bamboo-90399284/,"SR2,245"
392,40518289,FRÖKNABO,Armchairs & chaise longues,https://www.ikea.com/sa/en/p/froeknabo-cushion-set-vissle-beige-40518289/,SR245
393,30460811,HEMNES,Chests of drawers & drawer units,https://www.ikea.com/sa/en/p/hemnes-chest-of-3-drawers-grey-stained-30460811/,SR945
394,30171123,TROFAST,Nursery furniture,https://www.ikea.com/sa/en/p/trofast-frame-white-30171123/,0
395,20263830,BILLY,Bookcases & shelving units,https://www.ikea.com/sa/en/p/billy-bookcase-black-brown-20263830/,SR259
396,495789,VIMLE,Armchairs & chaise longues,https://www.ikea.com/sa/en/p/vimle-cover-for-3-seat-section-gunnared-beige-00495789/,SR845
397,30547305,HYLTARP,Armchairs & chaise longues,https://www.ikea.com/sa/en/p/hyltarp-cover-for-3-seat-sofa-hallarp-white-30547305/,SR595
398,60389192,HAVSTA,Cabinets & cupboards,https://www.ikea.com/sa/en/p/havsta-cabinet-white-60389192/,"SR1,295"
399,10495133,BOCKÖN,Outdoor furniture,https://www.ikea.com/sa/en/p/bockoen-hammock-stand-outdoor-black-10495133/,SR400
400,10571532,UTESPELARE,Gaming furniture,https://www.ikea.com/sa/en/p/utespelare-gaming-desk-ash-effect-grey-10571532/,SR845
401,50532336,TOSTERÖ,Outdoor furniture,https://www.ikea.com/sa/en/p/tosteroe-cover-for-outdoor-furniture-table-and-chairs-black-50532336/,SR140
402,10563773,LISABO,Dining furniture,https://www.ikea.com/sa/en/p/lisabo-table-ash-veneer-10563773/,"SR1,045"
403,50453758,RAKKESTAD,Wardrobes,https://www.ikea.com/sa/en/p/rakkestad-wardrobe-with-2-doors-black-brown-50453758/,SR645
404,70486215,BERGMUND,Dining furniture,https://www.ikea.com/sa/en/p/bergmund-chair-cover-fagelfors-multicolour-70486215/,SR90
405,20400691,BRIMNES,Beds,https://www.ikea.com/sa/en/p/brimnes-bed-frame-with-storage-white-20400691/,0
406,10492686,KLEPPSTAD,Beds,https://www.ikea.com/sa/en/p/kleppstad-bed-frame-white-vissle-beige-10492686/,SR795
407,80262880,EKERÖ,Armchairs & chaise longues,https://www.ikea.com/sa/en/p/ekeroe-armchair-skiftebo-orange-80262880/,SR995
408,40465380,VIMLE,Sofas,https://www.ikea.com/sa/en/p/vimle-corner-section-grann-bomstad-black-40465380/,"SR2,200"
409,20200456,HEMNES,Chests of drawers & drawer units,https://www.ikea.com/sa/en/p/hemnes-bedside-table-white-stain-20200456/,SR395
410,50503353,NÄMMARÖ,Outdoor furniture,https://www.ikea.com/sa/en/p/naemmaroe-chair-outdoor-foldable-light-brown-stained-50503353/,SR195
411,40454522,RÅVAROR,Dining furniture,https://www.ikea.com/sa/en/p/ravaror-dining-table-oak-veneer-40454522/,SR945
412,30446373,SLATTUM,Beds,https://www.ikea.com/sa/en/p/slattum-upholstered-bed-frame-knisa-light-grey-30446373/,SR795
413,50494264,SUNDVIK,Nursery furniture,https://www.ikea.com/sa/en/p/sundvik-wardrobe-grey-50494264/,"SR1,425"
414,554383,JÄRLÅSA,Tables & desks,https://www.ikea.com/sa/en/p/jaerlasa-side-table-on-castors-white-00554383/,SR195
415,80481118,KOPPANG,Chests of drawers & drawer units,https://www.ikea.com/sa/en/p/koppang-chest-of-3-drawers-black-brown-80481118/,SR545
416,70515109,HAVBERG,Armchairs & chaise longues,https://www.ikea.com/sa/en/p/havberg-swivel-armchair-grann-bomstad-golden-brown-70515109/,"SR1,995"
417,80555963,TRÅDFRI,Cabinets & cupboards,https://www.ikea.com/sa/en/p/tradfri-driver-for-wireless-control-smart-grey-80555963/,SR75
418,50492811,STRANDMON,Armchairs & chaise longues,https://www.ikea.com/sa/en/p/strandmon-footstool-kelinge-beige-50492811/,SR545
419,263850,BILLY,Bookcases & shelving units,https://www.ikea.com/sa/en/p/billy-bookcase-white-00263850/,SR359
420,258882,KLIPSK,Tables & desks,https://www.ikea.com/sa/en/p/klipsk-bed-tray-white-00258882/,SR59
421,80393372,TORNVIKEN,Trolleys,https://www.ikea.com/sa/en/p/tornviken-kitchen-island-grey-oak-80393372/,"SR1,995"
422,80486328,GURSKEN,Chests of drawers & drawer units,https://www.ikea.com/sa/en/p/gursken-bedside-table-light-beige-80486328/,SR145
423,50152703,TJUSIG,Chairs,https://www.ikea.com/sa/en/p/tjusig-bench-with-shoe-storage-black-50152703/,SR445
424,30199283,ÖNSKLIG,Nursery furniture,https://www.ikea.com/sa/en/p/oensklig-stor-baskets-changing-tbl-set-of-4-white-30199283/,SR59
425,519525,KIVIK,Sofas,https://www.ikea.com/sa/en/p/kivik-3-seat-sofa-grann-bomstad-black-00519525/,"SR5,595"
426,60518981,SÖDERHAMN,Armchairs & chaise longues,https://www.ikea.com/sa/en/p/soederhamn-cover-for-1-seat-section-fridtuna-dark-grey-60518981/,SR495
427,60479164,SKYDRAG,Wardrobes,https://www.ikea.com/sa/en/p/skydrag-led-wrktp-ward-lghtng-strp-w-sensor-dimmable-anthracite-60479164/,SR59
428,60538922,TÄLLÅSEN,Beds,https://www.ikea.com/sa/en/p/taellasen-upholstered-bed-frame-kulsta-grey-green-60538922/,"SR1,145"
429,60465384,VIMLE,Armchairs & chaise longues,https://www.ikea.com/sa/en/p/vimle-footstool-with-storage-grann-bomstad-black-60465384/,"SR1,745"
430,10538830,PYNTEN,Chairs,https://www.ikea.com/sa/en/p/pynten-children-s-seat-pad-for-desk-chair-dark-grey-10538830/,SR30
431,30439476,NORDKISA,Wardrobes,https://www.ikea.com/sa/en/p/nordkisa-open-wardrobe-with-sliding-door-bamboo-30439476/,"SR1,150"
432,50434312,NILSOVE,Dining furniture,https://www.ikea.com/sa/en/p/nilsove-chair-with-armrests-rattan-white-50434312/,SR345
433,10360087,STÖTTA,Wardrobes,https://www.ikea.com/sa/en/p/stoetta-led-cabinet-lighting-strip-w-sensor-battery-operated-white-10360087/,SR59
434,60384335,SAKARIAS,Dining furniture,https://www.ikea.com/sa/en/p/sakarias-cover-for-chair-with-armrests-sporda-dark-grey-60384335/,SR149
435,30564012,STENERIK,Tables & desks,https://www.ikea.com/sa/en/p/stenerik-laptop-support-30564012/,SR95
436,40365366,MAMMUT,Outdoor furniture,https://www.ikea.com/sa/en/p/mammut-childrens-chair-in-outdoor-red-40365366/,SR79
437,10366796,SONGESAND,Chests of drawers & drawer units,https://www.ikea.com/sa/en/p/songesand-chest-of-6-drawers-brown-10366796/,SR995
438,40346924,KALLAX,"Sideboards, buffets & console tables",https://www.ikea.com/sa/en/p/kallax-shelving-unit-grey-wood-effect-40346924/,SR549
439,90519130,SÖDERHAMN,Armchairs & chaise longues,https://www.ikea.com/sa/en/p/soederhamn-cover-for-corner-section-fridtuna-light-beige-90519130/,SR690
440,50365177,MAMMUT,Outdoor furniture,https://www.ikea.com/sa/en/p/mammut-childrens-table-in-outdoor-white-50365177/,SR115
441,40299885,BESTÅ,TV & media furniture,https://www.ikea.com/sa/en/p/besta-tv-bench-black-brown-40299885/,SR645
442,90458768,IDANÄS,Chests of drawers & drawer units,https://www.ikea.com/sa/en/p/idanaes-chest-of-4-drawers-dark-brown-stained-90458768/,"SR1,445"
443,60322130,KULLEN,Chests of drawers & drawer units,https://www.ikea.com/sa/en/p/kullen-chest-of-2-drawers-black-brown-60322130/,SR159
444,40447169,IDANÄS,Beds,https://www.ikea.com/sa/en/p/idanaes-upholstered-storage-bed-gunnared-dark-grey-40447169/,"SR2,795"
